name,url,description,condition_tags,age_group,cost_category,cost_max,format_tags,speed_rank,urgency_level,approach,why_suits,verified_date
Samaritans,https://www.samaritans.org,Free confidential listening 24/7 on 116 123 from any phone,"crisis,anxiety,depression,grief,general",all ages,free,0,phone,1,immediate,listening,Someone will answer any time of day or night with no waiting and no referral,July 2026
Shout,https://giveusashout.org,Free 24/7 crisis support by text on 85258,"crisis,anxiety,depression,general",all ages,free,0,text,1,immediate,listening,Best when speaking out loud is not possible - support arrives by text within minutes,July 2026
NHS 111 option 2,https://www.nhs.uk/nhs-services/mental-health-services,Urgent NHS mental health support line available 24/7,"crisis,general",all ages,free,0,phone,1,immediate,clinical triage,Connects directly to your local NHS urgent mental health team,July 2026
NHS Talking Therapies,https://www.nhs.uk/mental-health/talking-therapies-medicine-treatments/talking-therapies-and-counselling/nhs-talking-therapies,Free NHS CBT and counselling - self-refer without a GP,"anxiety,depression,general",18 to 25;26 to 64;65 and over,free,0,"online,phone,in-person",3,standard,"CBT,counselling",The fastest free NHS route - you can self-refer today without seeing a GP first,July 2026
Hub of Hope,https://hubofhope.co.uk,UK-wide directory of local mental health services by postcode,"anxiety,depression,trauma,ocd,grief,general",all ages,free,0,online,2,standard,directory,Finds small local services near you that rarely appear in national listings,July 2026
Kooth,https://www.kooth.com,Free anonymous online counselling for young people,"anxiety,depression,general",under 18;18 to 25,free,0,"online,text",2,standard,counselling,No waiting list in most areas and completely anonymous - built for young people,July 2026
Anxiety UK,https://www.anxietyuk.org.uk,Therapy helpline and support groups for anxiety disorders,"anxiety,panic,phobia",all ages,low,20,"online,phone,in-person",2,standard,"CBT,counselling",Specialists in anxiety only - therapy access is usually much faster than NHS,July 2026
PTSD UK,https://www.ptsduk.org,Trauma resources peer support and therapy guidance,"trauma,ptsd",all ages,free,0,online,2,standard,"EMDR,peer support",Built around trauma specifically - helps you find EMDR without the long NHS wait,July 2026
OCD Action,https://ocdaction.org.uk,Helpline and peer groups for OCD and intrusive thoughts,"ocd",all ages,free,0,"online,phone",2,standard,peer support,Run by people who understand OCD - one of the most underserved NHS conditions,July 2026
Young Minds,https://www.youngminds.org.uk,Parent helpline and young person mental health support,"anxiety,depression,general",under 18;18 to 25,free,0,"online,phone,text",2,standard,"guidance,peer support",The first call for any parent of a child stuck on a CAMHS waiting list,July 2026
Cruse Bereavement Support,https://www.cruse.org.uk,Free bereavement counselling by phone online and locally,"grief",all ages,free,0,"online,phone,in-person",2,standard,counselling,Grief-specific support without the long NHS wait for bereavement therapy,July 2026
Relate,https://www.relate.org.uk,Relationship counselling with sliding scale fees,"relationships,general",18 to 25;26 to 64;65 and over,low,20,"online,in-person",3,standard,counselling,For when mental health difficulty is tied to a relationship - fees adjust to income,July 2026
BACP Therapist Finder,https://www.bacp.co.uk/search,Directory of accredited therapists many with sliding scale fees,"anxiety,depression,trauma,ocd,grief,relationships,general",all ages,low,20,"online,phone,in-person",3,standard,"CBT,counselling,EMDR",Finds an accredited private therapist near you - many reduce fees based on income,July 2026
Beat Eating Disorders,https://www.beateatingdisorders.org.uk,UK eating disorder charity with helpline and support groups,"eating",all ages,free,0,"online,phone",2,standard,"peer support,guidance",The UK's specialist eating disorder charity - support while waiting for NHS treatment,July 2026
